{
  "name": "TJpg_Decoder",
  "version": "0.0.2",
  "keywords": "tft, ePaper, display, ESP8266, NodeMCU, ESP32, M5Stack, ILI9341, ST7735, ILI9163, S6D02A1, ILI9486, ST7789, RM68140",
  "description": "A JPEG decoder library based on Tiny JPEG Decompressor",
  "repository":
  {
    "type": "git",
    "url": "https://github.com/Bodmer/TJpg_Decoder"
  },
  "authors":
  [
    {
        "name": "Bodmer",
        "email": "bodmer@anola.net",
        "maintainer": true
    }
  ],
  "frameworks": "arduino",
  "platforms": "espressif8266, espressif32", "atmelavr"
}
